snapshot/harvested/r4/davinci-pas/fixtures/extension-TransmissionIdentifiers.json	snapshot/harvested/r4/davinci-pas/goldens/extension-TransmissionIdentifiers.snapshot.json	snapshot/harvested/r4/davinci-pas/goldens/extension-TransmissionIdentifiers.snapshot.json.tmp.messages.json
snapshot/harvested/r4/davinci-pas/fixtures/extension-administrationReferenceNumber.json	snapshot/harvested/r4/davinci-pas/goldens/extension-administrationReferenceNumber.snapshot.json	snapshot/harvested/r4/davinci-pas/goldens/extension-administrationReferenceNumber.snapshot.json.tmp.messages.json
snapshot/harvested/r4/davinci-pas/fixtures/extension-admissionDates.json	snapshot/harvested/r4/davinci-pas/goldens/extension-admissionDates.snapshot.json	snapshot/harvested/r4/davinci-pas/goldens/extension-admissionDates.snapshot.json.tmp.messages.json
snapshot/harvested/r4/davinci-pas/fixtures/extension-authorizationNumber.json	snapshot/harvested/r4/davinci-pas/goldens/extension-authorizationNumber.snapshot.json	snapshot/harvested/r4/davinci-pas/goldens/extension-authorizationNumber.snapshot.json.tmp.messages.json
snapshot/harvested/r4/davinci-pas/fixtures/extension-authorizedProviderType.json	snapshot/harvested/r4/davinci-pas/goldens/extension-authorizedProviderType.snapshot.json	snapshot/harvested/r4/davinci-pas/goldens/extension-authorizedProviderType.snapshot.json.tmp.messages.json
snapshot/harvested/r4/davinci-pas/fixtures/extension-careTeamClaimScope.json	snapshot/harvested/r4/davinci-pas/goldens/extension-careTeamClaimScope.snapshot.json	snapshot/harvested/r4/davinci-pas/goldens/extension-careTeamClaimScope.snapshot.json.tmp.messages.json
snapshot/harvested/r4/davinci-pas/fixtures/extension-certificationType.json	snapshot/harvested/r4/davinci-pas/goldens/extension-certificationType.snapshot.json	snapshot/harvested/r4/davinci-pas/goldens/extension-certificationType.snapshot.json.tmp.messages.json
snapshot/harvested/r4/davinci-pas/fixtures/extension-claimResponseReviewer.json	snapshot/harvested/r4/davinci-pas/goldens/extension-claimResponseReviewer.snapshot.json	snapshot/harvested/r4/davinci-pas/goldens/extension-claimResponseReviewer.snapshot.json.tmp.messages.json
snapshot/harvested/r4/davinci-pas/fixtures/extension-communicatedDiagnosis.json	snapshot/harvested/r4/davinci-pas/goldens/extension-communicatedDiagnosis.snapshot.json	snapshot/harvested/r4/davinci-pas/goldens/extension-communicatedDiagnosis.snapshot.json.tmp.messages.json
snapshot/harvested/r4/davinci-pas/fixtures/extension-conditionCode.json	snapshot/harvested/r4/davinci-pas/goldens/extension-conditionCode.snapshot.json	snapshot/harvested/r4/davinci-pas/goldens/extension-conditionCode.snapshot.json.tmp.messages.json
snapshot/harvested/r4/davinci-pas/fixtures/extension-contentModifier.json	snapshot/harvested/r4/davinci-pas/goldens/extension-contentModifier.snapshot.json	snapshot/harvested/r4/davinci-pas/goldens/extension-contentModifier.snapshot.json.tmp.messages.json
snapshot/harvested/r4/davinci-pas/fixtures/extension-diagnosisRecordedDate.json	snapshot/harvested/r4/davinci-pas/goldens/extension-diagnosisRecordedDate.snapshot.json	snapshot/harvested/r4/davinci-pas/goldens/extension-diagnosisRecordedDate.snapshot.json.tmp.messages.json
snapshot/harvested/r4/davinci-pas/fixtures/extension-dischargeDate.json	snapshot/harvested/r4/davinci-pas/goldens/extension-dischargeDate.snapshot.json	snapshot/harvested/r4/davinci-pas/goldens/extension-dischargeDate.snapshot.json.tmp.messages.json
snapshot/harvested/r4/davinci-pas/fixtures/extension-documentInformation.json	snapshot/harvested/r4/davinci-pas/goldens/extension-documentInformation.snapshot.json	snapshot/harvested/r4/davinci-pas/goldens/extension-documentInformation.snapshot.json.tmp.messages.json
snapshot/harvested/r4/davinci-pas/fixtures/extension-epsdtIndicator.json	snapshot/harvested/r4/davinci-pas/goldens/extension-epsdtIndicator.snapshot.json	snapshot/harvested/r4/davinci-pas/goldens/extension-epsdtIndicator.snapshot.json.tmp.messages.json
snapshot/harvested/r4/davinci-pas/fixtures/extension-errorElement.json	snapshot/harvested/r4/davinci-pas/goldens/extension-errorElement.snapshot.json	snapshot/harvested/r4/davinci-pas/goldens/extension-errorElement.snapshot.json.tmp.messages.json
snapshot/harvested/r4/davinci-pas/fixtures/extension-errorFollowupAction.json	snapshot/harvested/r4/davinci-pas/goldens/extension-errorFollowupAction.snapshot.json	snapshot/harvested/r4/davinci-pas/goldens/extension-errorFollowupAction.snapshot.json.tmp.messages.json
snapshot/harvested/r4/davinci-pas/fixtures/extension-errorPath.json	snapshot/harvested/r4/davinci-pas/goldens/extension-errorPath.snapshot.json	snapshot/harvested/r4/davinci-pas/goldens/extension-errorPath.snapshot.json.tmp.messages.json
snapshot/harvested/r4/davinci-pas/fixtures/extension-homeHealthCareInformation.json	snapshot/harvested/r4/davinci-pas/goldens/extension-homeHealthCareInformation.snapshot.json	snapshot/harvested/r4/davinci-pas/goldens/extension-homeHealthCareInformation.snapshot.json.tmp.messages.json
snapshot/harvested/r4/davinci-pas/fixtures/extension-identifierJurisdiction.json	snapshot/harvested/r4/davinci-pas/goldens/extension-identifierJurisdiction.snapshot.json	snapshot/harvested/r4/davinci-pas/goldens/extension-identifierJurisdiction.snapshot.json.tmp.messages.json
snapshot/harvested/r4/davinci-pas/fixtures/extension-identifierSubDepartment.json	snapshot/harvested/r4/davinci-pas/goldens/extension-identifierSubDepartment.snapshot.json	snapshot/harvested/r4/davinci-pas/goldens/extension-identifierSubDepartment.snapshot.json.tmp.messages.json
snapshot/harvested/r4/davinci-pas/fixtures/extension-infoChanged.json	snapshot/harvested/r4/davinci-pas/goldens/extension-infoChanged.snapshot.json	snapshot/harvested/r4/davinci-pas/goldens/extension-infoChanged.snapshot.json.tmp.messages.json
snapshot/harvested/r4/davinci-pas/fixtures/extension-itemAuthorizedDetail.json	snapshot/harvested/r4/davinci-pas/goldens/extension-itemAuthorizedDetail.snapshot.json	snapshot/harvested/r4/davinci-pas/goldens/extension-itemAuthorizedDetail.snapshot.json.tmp.messages.json
snapshot/harvested/r4/davinci-pas/fixtures/extension-itemAuthorizedProvider.json	snapshot/harvested/r4/davinci-pas/goldens/extension-itemAuthorizedProvider.snapshot.json	snapshot/harvested/r4/davinci-pas/goldens/extension-itemAuthorizedProvider.snapshot.json.tmp.messages.json
snapshot/harvested/r4/davinci-pas/fixtures/extension-itemCategory.json	snapshot/harvested/r4/davinci-pas/goldens/extension-itemCategory.snapshot.json	snapshot/harvested/r4/davinci-pas/goldens/extension-itemCategory.snapshot.json.tmp.messages.json
snapshot/harvested/r4/davinci-pas/fixtures/extension-itemCertificationEffectiveDate.json	snapshot/harvested/r4/davinci-pas/goldens/extension-itemCertificationEffectiveDate.snapshot.json	snapshot/harvested/r4/davinci-pas/goldens/extension-itemCertificationEffectiveDate.snapshot.json.tmp.messages.json
snapshot/harvested/r4/davinci-pas/fixtures/extension-itemCertificationExpirationDate.json	snapshot/harvested/r4/davinci-pas/goldens/extension-itemCertificationExpirationDate.snapshot.json	snapshot/harvested/r4/davinci-pas/goldens/extension-itemCertificationExpirationDate.snapshot.json.tmp.messages.json
snapshot/harvested/r4/davinci-pas/fixtures/extension-itemCertificationIssueDate.json	snapshot/harvested/r4/davinci-pas/goldens/extension-itemCertificationIssueDate.snapshot.json	snapshot/harvested/r4/davinci-pas/goldens/extension-itemCertificationIssueDate.snapshot.json.tmp.messages.json
snapshot/harvested/r4/davinci-pas/fixtures/extension-itemPreAuthIssueDate.json	snapshot/harvested/r4/davinci-pas/goldens/extension-itemPreAuthIssueDate.snapshot.json	snapshot/harvested/r4/davinci-pas/goldens/extension-itemPreAuthIssueDate.snapshot.json.tmp.messages.json
snapshot/harvested/r4/davinci-pas/fixtures/extension-itemPreAuthPeriod.json	snapshot/harvested/r4/davinci-pas/goldens/extension-itemPreAuthPeriod.snapshot.json	snapshot/harvested/r4/davinci-pas/goldens/extension-itemPreAuthPeriod.snapshot.json.tmp.messages.json
snapshot/harvested/r4/davinci-pas/fixtures/extension-itemRequestedServiceDate.json	snapshot/harvested/r4/davinci-pas/goldens/extension-itemRequestedServiceDate.snapshot.json	snapshot/harvested/r4/davinci-pas/goldens/extension-itemRequestedServiceDate.snapshot.json.tmp.messages.json
snapshot/harvested/r4/davinci-pas/fixtures/extension-itemTraceNumber.json	snapshot/harvested/r4/davinci-pas/goldens/extension-itemTraceNumber.snapshot.json	snapshot/harvested/r4/davinci-pas/goldens/extension-itemTraceNumber.snapshot.json.tmp.messages.json
snapshot/harvested/r4/davinci-pas/fixtures/extension-levelOfServiceCode.json	snapshot/harvested/r4/davinci-pas/goldens/extension-levelOfServiceCode.snapshot.json	snapshot/harvested/r4/davinci-pas/goldens/extension-levelOfServiceCode.snapshot.json.tmp.messages.json
snapshot/harvested/r4/davinci-pas/fixtures/extension-militaryStatus.json	snapshot/harvested/r4/davinci-pas/goldens/extension-militaryStatus.snapshot.json	snapshot/harvested/r4/davinci-pas/goldens/extension-militaryStatus.snapshot.json.tmp.messages.json
snapshot/harvested/r4/davinci-pas/fixtures/extension-nursingHomeLevelOfCare.json	snapshot/harvested/r4/davinci-pas/goldens/extension-nursingHomeLevelOfCare.snapshot.json	snapshot/harvested/r4/davinci-pas/goldens/extension-nursingHomeLevelOfCare.snapshot.json.tmp.messages.json
snapshot/harvested/r4/davinci-pas/fixtures/extension-nursingHomeResidentialStatus.json	snapshot/harvested/r4/davinci-pas/goldens/extension-nursingHomeResidentialStatus.snapshot.json	snapshot/harvested/r4/davinci-pas/goldens/extension-nursingHomeResidentialStatus.snapshot.json.tmp.messages.json
snapshot/harvested/r4/davinci-pas/fixtures/extension-patientStatus.json	snapshot/harvested/r4/davinci-pas/goldens/extension-patientStatus.snapshot.json	snapshot/harvested/r4/davinci-pas/goldens/extension-patientStatus.snapshot.json.tmp.messages.json
snapshot/harvested/r4/davinci-pas/fixtures/extension-productOrServiceCodeEnd.json	snapshot/harvested/r4/davinci-pas/goldens/extension-productOrServiceCodeEnd.snapshot.json	snapshot/harvested/r4/davinci-pas/goldens/extension-productOrServiceCodeEnd.snapshot.json.tmp.messages.json
snapshot/harvested/r4/davinci-pas/fixtures/extension-requestedService.json	snapshot/harvested/r4/davinci-pas/goldens/extension-requestedService.snapshot.json	snapshot/harvested/r4/davinci-pas/goldens/extension-requestedService.snapshot.json.tmp.messages.json
snapshot/harvested/r4/davinci-pas/fixtures/extension-revenueCode.json	snapshot/harvested/r4/davinci-pas/goldens/extension-revenueCode.snapshot.json	snapshot/harvested/r4/davinci-pas/goldens/extension-revenueCode.snapshot.json.tmp.messages.json
snapshot/harvested/r4/davinci-pas/fixtures/extension-revenueUnitRateLimit.json	snapshot/harvested/r4/davinci-pas/goldens/extension-revenueUnitRateLimit.snapshot.json	snapshot/harvested/r4/davinci-pas/goldens/extension-revenueUnitRateLimit.snapshot.json.tmp.messages.json
snapshot/harvested/r4/davinci-pas/fixtures/extension-reviewAction.json	snapshot/harvested/r4/davinci-pas/goldens/extension-reviewAction.snapshot.json	snapshot/harvested/r4/davinci-pas/goldens/extension-reviewAction.snapshot.json.tmp.messages.json
snapshot/harvested/r4/davinci-pas/fixtures/extension-reviewActionCode.json	snapshot/harvested/r4/davinci-pas/goldens/extension-reviewActionCode.snapshot.json	snapshot/harvested/r4/davinci-pas/goldens/extension-reviewActionCode.snapshot.json.tmp.messages.json
snapshot/harvested/r4/davinci-pas/fixtures/extension-serviceItemRequestType.json	snapshot/harvested/r4/davinci-pas/goldens/extension-serviceItemRequestType.snapshot.json	snapshot/harvested/r4/davinci-pas/goldens/extension-serviceItemRequestType.snapshot.json.tmp.messages.json
snapshot/harvested/r4/davinci-pas/fixtures/extension-serviceLineNumber.json	snapshot/harvested/r4/davinci-pas/goldens/extension-serviceLineNumber.snapshot.json	snapshot/harvested/r4/davinci-pas/goldens/extension-serviceLineNumber.snapshot.json.tmp.messages.json
snapshot/harvested/r4/davinci-pas/fixtures/extension-timingcalendarpattern.json	snapshot/harvested/r4/davinci-pas/goldens/extension-timingcalendarpattern.snapshot.json	snapshot/harvested/r4/davinci-pas/goldens/extension-timingcalendarpattern.snapshot.json.tmp.messages.json
snapshot/harvested/r4/davinci-pas/fixtures/extension-timingdeliverypattern.json	snapshot/harvested/r4/davinci-pas/goldens/extension-timingdeliverypattern.snapshot.json	snapshot/harvested/r4/davinci-pas/goldens/extension-timingdeliverypattern.snapshot.json.tmp.messages.json
snapshot/harvested/r4/davinci-pas/fixtures/modifierextension-infoCancelled.json	snapshot/harvested/r4/davinci-pas/goldens/modifierextension-infoCancelled.snapshot.json	snapshot/harvested/r4/davinci-pas/goldens/modifierextension-infoCancelled.snapshot.json.tmp.messages.json
snapshot/harvested/r4/davinci-pas/fixtures/profile-beneficiary.json	snapshot/harvested/r4/davinci-pas/goldens/profile-beneficiary.snapshot.json	snapshot/harvested/r4/davinci-pas/goldens/profile-beneficiary.snapshot.json.tmp.messages.json
snapshot/harvested/r4/davinci-pas/fixtures/profile-claim-base.json	snapshot/harvested/r4/davinci-pas/goldens/profile-claim-base.snapshot.json	snapshot/harvested/r4/davinci-pas/goldens/profile-claim-base.snapshot.json.tmp.messages.json
snapshot/harvested/r4/davinci-pas/fixtures/profile-claim-inquiry.json	snapshot/harvested/r4/davinci-pas/goldens/profile-claim-inquiry.snapshot.json	snapshot/harvested/r4/davinci-pas/goldens/profile-claim-inquiry.snapshot.json.tmp.messages.json
snapshot/harvested/r4/davinci-pas/fixtures/profile-claim-update.json	snapshot/harvested/r4/davinci-pas/goldens/profile-claim-update.snapshot.json	snapshot/harvested/r4/davinci-pas/goldens/profile-claim-update.snapshot.json.tmp.messages.json
snapshot/harvested/r4/davinci-pas/fixtures/profile-claim.json	snapshot/harvested/r4/davinci-pas/goldens/profile-claim.snapshot.json	snapshot/harvested/r4/davinci-pas/goldens/profile-claim.snapshot.json.tmp.messages.json
snapshot/harvested/r4/davinci-pas/fixtures/profile-claiminquiryresponse.json	snapshot/harvested/r4/davinci-pas/goldens/profile-claiminquiryresponse.snapshot.json	snapshot/harvested/r4/davinci-pas/goldens/profile-claiminquiryresponse.snapshot.json.tmp.messages.json
snapshot/harvested/r4/davinci-pas/fixtures/profile-claimresponse-base.json	snapshot/harvested/r4/davinci-pas/goldens/profile-claimresponse-base.snapshot.json	snapshot/harvested/r4/davinci-pas/goldens/profile-claimresponse-base.snapshot.json.tmp.messages.json
snapshot/harvested/r4/davinci-pas/fixtures/profile-claimresponse.json	snapshot/harvested/r4/davinci-pas/goldens/profile-claimresponse.snapshot.json	snapshot/harvested/r4/davinci-pas/goldens/profile-claimresponse.snapshot.json.tmp.messages.json
snapshot/harvested/r4/davinci-pas/fixtures/profile-communicationrequest.json	snapshot/harvested/r4/davinci-pas/goldens/profile-communicationrequest.snapshot.json	snapshot/harvested/r4/davinci-pas/goldens/profile-communicationrequest.snapshot.json.tmp.messages.json
snapshot/harvested/r4/davinci-pas/fixtures/profile-coverage.json	snapshot/harvested/r4/davinci-pas/goldens/profile-coverage.snapshot.json	snapshot/harvested/r4/davinci-pas/goldens/profile-coverage.snapshot.json.tmp.messages.json
snapshot/harvested/r4/davinci-pas/fixtures/profile-datatype-timing.json	snapshot/harvested/r4/davinci-pas/goldens/profile-datatype-timing.snapshot.json	snapshot/harvested/r4/davinci-pas/goldens/profile-datatype-timing.snapshot.json.tmp.messages.json
snapshot/harvested/r4/davinci-pas/fixtures/profile-devicerequest.json	snapshot/harvested/r4/davinci-pas/goldens/profile-devicerequest.snapshot.json	snapshot/harvested/r4/davinci-pas/goldens/profile-devicerequest.snapshot.json.tmp.messages.json
snapshot/harvested/r4/davinci-pas/fixtures/profile-documentreference.json	snapshot/harvested/r4/davinci-pas/goldens/profile-documentreference.snapshot.json	snapshot/harvested/r4/davinci-pas/goldens/profile-documentreference.snapshot.json.tmp.messages.json
snapshot/harvested/r4/davinci-pas/fixtures/profile-encounter.json	snapshot/harvested/r4/davinci-pas/goldens/profile-encounter.snapshot.json	snapshot/harvested/r4/davinci-pas/goldens/profile-encounter.snapshot.json.tmp.messages.json
snapshot/harvested/r4/davinci-pas/fixtures/profile-identifier.json	snapshot/harvested/r4/davinci-pas/goldens/profile-identifier.snapshot.json	snapshot/harvested/r4/davinci-pas/goldens/profile-identifier.snapshot.json.tmp.messages.json
snapshot/harvested/r4/davinci-pas/fixtures/profile-insurer.json	snapshot/harvested/r4/davinci-pas/goldens/profile-insurer.snapshot.json	snapshot/harvested/r4/davinci-pas/goldens/profile-insurer.snapshot.json.tmp.messages.json
snapshot/harvested/r4/davinci-pas/fixtures/profile-location.json	snapshot/harvested/r4/davinci-pas/goldens/profile-location.snapshot.json	snapshot/harvested/r4/davinci-pas/goldens/profile-location.snapshot.json.tmp.messages.json
snapshot/harvested/r4/davinci-pas/fixtures/profile-medicationrequest.json	snapshot/harvested/r4/davinci-pas/goldens/profile-medicationrequest.snapshot.json	snapshot/harvested/r4/davinci-pas/goldens/profile-medicationrequest.snapshot.json.tmp.messages.json
snapshot/harvested/r4/davinci-pas/fixtures/profile-nutritionorder.json	snapshot/harvested/r4/davinci-pas/goldens/profile-nutritionorder.snapshot.json	snapshot/harvested/r4/davinci-pas/goldens/profile-nutritionorder.snapshot.json.tmp.messages.json
snapshot/harvested/r4/davinci-pas/fixtures/profile-organization.json	snapshot/harvested/r4/davinci-pas/goldens/profile-organization.snapshot.json	snapshot/harvested/r4/davinci-pas/goldens/profile-organization.snapshot.json.tmp.messages.json
snapshot/harvested/r4/davinci-pas/fixtures/profile-pas-inquiry-request-bundle.json	snapshot/harvested/r4/davinci-pas/goldens/profile-pas-inquiry-request-bundle.snapshot.json	snapshot/harvested/r4/davinci-pas/goldens/profile-pas-inquiry-request-bundle.snapshot.json.tmp.messages.json
snapshot/harvested/r4/davinci-pas/fixtures/profile-pas-inquiry-response-bundle.json	snapshot/harvested/r4/davinci-pas/goldens/profile-pas-inquiry-response-bundle.snapshot.json	snapshot/harvested/r4/davinci-pas/goldens/profile-pas-inquiry-response-bundle.snapshot.json.tmp.messages.json
snapshot/harvested/r4/davinci-pas/fixtures/profile-pas-request-bundle.json	snapshot/harvested/r4/davinci-pas/goldens/profile-pas-request-bundle.snapshot.json	snapshot/harvested/r4/davinci-pas/goldens/profile-pas-request-bundle.snapshot.json.tmp.messages.json
snapshot/harvested/r4/davinci-pas/fixtures/profile-pas-response-bundle.json	snapshot/harvested/r4/davinci-pas/goldens/profile-pas-response-bundle.snapshot.json	snapshot/harvested/r4/davinci-pas/goldens/profile-pas-response-bundle.snapshot.json.tmp.messages.json
snapshot/harvested/r4/davinci-pas/fixtures/profile-practitioner.json	snapshot/harvested/r4/davinci-pas/goldens/profile-practitioner.snapshot.json	snapshot/harvested/r4/davinci-pas/goldens/profile-practitioner.snapshot.json.tmp.messages.json
snapshot/harvested/r4/davinci-pas/fixtures/profile-practitionerrole.json	snapshot/harvested/r4/davinci-pas/goldens/profile-practitionerrole.snapshot.json	snapshot/harvested/r4/davinci-pas/goldens/profile-practitionerrole.snapshot.json.tmp.messages.json
snapshot/harvested/r4/davinci-pas/fixtures/profile-quantity.json	snapshot/harvested/r4/davinci-pas/goldens/profile-quantity.snapshot.json	snapshot/harvested/r4/davinci-pas/goldens/profile-quantity.snapshot.json.tmp.messages.json
snapshot/harvested/r4/davinci-pas/fixtures/profile-requestor.json	snapshot/harvested/r4/davinci-pas/goldens/profile-requestor.snapshot.json	snapshot/harvested/r4/davinci-pas/goldens/profile-requestor.snapshot.json.tmp.messages.json
snapshot/harvested/r4/davinci-pas/fixtures/profile-servicerequest.json	snapshot/harvested/r4/davinci-pas/goldens/profile-servicerequest.snapshot.json	snapshot/harvested/r4/davinci-pas/goldens/profile-servicerequest.snapshot.json.tmp.messages.json
snapshot/harvested/r4/davinci-pas/fixtures/profile-subscriber.json	snapshot/harvested/r4/davinci-pas/goldens/profile-subscriber.snapshot.json	snapshot/harvested/r4/davinci-pas/goldens/profile-subscriber.snapshot.json.tmp.messages.json
snapshot/harvested/r4/davinci-pas/fixtures/profile-subscription.json	snapshot/harvested/r4/davinci-pas/goldens/profile-subscription.snapshot.json	snapshot/harvested/r4/davinci-pas/goldens/profile-subscription.snapshot.json.tmp.messages.json
snapshot/harvested/r4/davinci-pas/fixtures/profile-task.json	snapshot/harvested/r4/davinci-pas/goldens/profile-task.snapshot.json	snapshot/harvested/r4/davinci-pas/goldens/profile-task.snapshot.json.tmp.messages.json
